{"cameraMode":{"drawMode":0,"name":"Shaded","section":"Shading Mode"},"sceneLighting":false,"audioPlay":false,"sceneViewState":{"showFog":true,"showMaterialUpdate":false,"showSkybox":false,"showFlares":true,"showImageEffects":true,"showParticleSystems":true},"in2DMode":false,"pivot":{"x":25.200000762939454,"y":2.640000104904175,"z":-25.200000762939454},"rotation":{"x":-0.1013973280787468,"y":0.8596916794776917,"z":-0.18783454596996308,"w":-0.4640856683254242},"size":2.027313470840454,"orthographic":false}